{
    "algorithm_key": "naive_bayes",
    "model_name": "gaussian_naive_bayes",
    "optimize_for": "f_beta",
    "best_params": {
        "model__var_smoothing": 1e-12
    },
    "default_threshold_result": {
        "threshold": 0.5,
        "accuracy": 0.7043354655294953,
        "precision": 0.4672897196261682,
        "recall": 0.8021390374331551,
        "f1": 0.5905511811023622,
        "f_beta": 0.7015902712815716,
        "cm": [
            [
                691,
                342
            ],
            [
                74,
                300
            ]
        ],
        "classification_report": "              precision    recall  f1-score   support\n\n           0       0.90      0.67      0.77      1033\n           1       0.47      0.80      0.59       374\n\n    accuracy                           0.70      1407\n   macro avg       0.69      0.74      0.68      1407\nweighted avg       0.79      0.70      0.72      1407\n"
    },
    "optimized_threshold_result": {
        "threshold": 0.12,
        "accuracy": 0.6922530206112296,
        "precision": 0.4562962962962963,
        "recall": 0.8235294117647058,
        "f1": 0.5872259294566253,
        "f_beta": 0.7093505297098112,
        "cm": [
            [
                666,
                367
            ],
            [
                66,
                308
            ]
        ],
        "classification_report": "              precision    recall  f1-score   support\n\n           0       0.91      0.64      0.75      1033\n           1       0.46      0.82      0.59       374\n\n    accuracy                           0.69      1407\n   macro avg       0.68      0.73      0.67      1407\nweighted avg       0.79      0.69      0.71      1407\n"
    }
}