{
    "algorithm_key": "random_forest",
    "model_name": "random_forest",
    "optimize_for": "f_beta",
    "best_params": {
        "model__class_weight": "balanced",
        "model__criterion": "gini",
        "model__max_depth": 10,
        "model__max_features": "sqrt",
        "model__min_samples_leaf": 4,
        "model__min_samples_split": 2,
        "model__n_estimators": 200
    },
    "default_threshold_result": {
        "threshold": 0.5,
        "accuracy": 0.7633262260127932,
        "precision": 0.5394990366088632,
        "recall": 0.7486631016042781,
        "f1": 0.6270996640537514,
        "f_beta": 0.6947890818858561,
        "cm": [
            [
                794,
                239
            ],
            [
                94,
                280
            ]
        ],
        "classification_report": "              precision    recall  f1-score   support\n\n           0       0.89      0.77      0.83      1033\n           1       0.54      0.75      0.63       374\n\n    accuracy                           0.76      1407\n   macro avg       0.72      0.76      0.73      1407\nweighted avg       0.80      0.76      0.77      1407\n"
    },
    "optimized_threshold_result": {
        "threshold": 0.29999999999999993,
        "accuracy": 0.6858564321250888,
        "precision": 0.4523809523809524,
        "recall": 0.8636363636363636,
        "f1": 0.59375,
        "f_beta": 0.7307692307692307,
        "cm": [
            [
                642,
                391
            ],
            [
                51,
                323
            ]
        ],
        "classification_report": "              precision    recall  f1-score   support\n\n           0       0.93      0.62      0.74      1033\n           1       0.45      0.86      0.59       374\n\n    accuracy                           0.69      1407\n   macro avg       0.69      0.74      0.67      1407\nweighted avg       0.80      0.69      0.70      1407\n"
    }
}